room_key,protocol,floor_id,device_name,device_id,access_token,room_asset_id,floor_asset_id
b01-f01-r101,mqtt,1,mqtt-b01-f01-r101,83401940-37f4-11f1-b070-631fdef85036,Nq0soslv0Dj7S65XVC7R,8351a570-37f4-11f1-b070-631fdef85036,82f46a40-37f4-11f1-b070-631fdef85036
b01-f01-r102,mqtt,1,mqtt-b01-f01-r102,835eebe0-37f4-11f1-b070-631fdef85036,Xvwq5SSXFCqNAC1UcB6v,83675050-37f4-11f1-b070-631fdef85036,82f46a40-37f4-11f1-b070-631fdef85036
b01-f01-r103,mqtt,1,mqtt-b01-f01-r103,8372c200-37f4-11f1-b070-631fdef85036,wLZQFu8YSq62lrTwg0bT,837951b0-37f4-11f1-b070-631fdef85036,82f46a40-37f4-11f1-b070-631fdef85036
b01-f01-r104,mqtt,1,mqtt-b01-f01-r104,8382a080-37f4-11f1-b070-631fdef85036,q406Pg87iVNOfKc3Os0a,8389cc70-37f4-11f1-b070-631fdef85036,82f46a40-37f4-11f1-b070-631fdef85036
b01-f01-r105,mqtt,1,mqtt-b01-f01-r105,83936960-37f4-11f1-b070-631fdef85036,WA4JUEDuZWWOPLf75z0f,839983e0-37f4-11f1-b070-631fdef85036,82f46a40-37f4-11f1-b070-631fdef85036
b01-f01-r106,mqtt,1,mqtt-b01-f01-r106,83a14c10-37f4-11f1-b070-631fdef85036,DVUoDO07MvuvzjwcSiKT,83a7b4b0-37f4-11f1-b070-631fdef85036,82f46a40-37f4-11f1-b070-631fdef85036
b01-f01-r107,mqtt,1,mqtt-b01-f01-r107,83aeb990-37f4-11f1-b070-631fdef85036,0eE7X1Hb0l1QOUDbFT08,83b485f0-37f4-11f1-b070-631fdef85036,82f46a40-37f4-11f1-b070-631fdef85036
b01-f01-r108,mqtt,1,mqtt-b01-f01-r108,83bd5f90-37f4-11f1-b070-631fdef85036,7OlPYo53I2bYS3iLre26,83c3ef40-37f4-11f1-b070-631fdef85036,82f46a40-37f4-11f1-b070-631fdef85036
b01-f01-r109,mqtt,1,mqtt-b01-f01-r109,83cd1700-37f4-11f1-b070-631fdef85036,q15thhfIKVG8EsSSuw4c,83d2e360-37f4-11f1-b070-631fdef85036,82f46a40-37f4-11f1-b070-631fdef85036
b01-f01-r110,mqtt,1,mqtt-b01-f01-r110,83db20c0-37f4-11f1-b070-631fdef85036,BvB9HmI281cHr9vuYeTB,83e273c0-37f4-11f1-b070-631fdef85036,82f46a40-37f4-11f1-b070-631fdef85036
b01-f01-r111,coap,1,coap-b01-f01-r111,83eb2650-37f4-11f1-b070-631fdef85036,OeK3ZsIXo3HboGLegS6n,83f22b30-37f4-11f1-b070-631fdef85036,82f46a40-37f4-11f1-b070-631fdef85036
b01-f01-r112,coap,1,coap-b01-f01-r112,83fbef30-37f4-11f1-b070-631fdef85036,gPX7KKbqe0npPhfYnBhr,84016d70-37f4-11f1-b070-631fdef85036,82f46a40-37f4-11f1-b070-631fdef85036
b01-f01-r113,coap,1,coap-b01-f01-r113,8409d1e0-37f4-11f1-b070-631fdef85036,ULyRVQeOBJCZABElqpTd,84103a80-37f4-11f1-b070-631fdef85036,82f46a40-37f4-11f1-b070-631fdef85036
b01-f01-r114,coap,1,coap-b01-f01-r114,84198950-37f4-11f1-b070-631fdef85036,X6a7sd0cuPYL1GSEDlxV,841fcae0-37f4-11f1-b070-631fdef85036,82f46a40-37f4-11f1-b070-631fdef85036
b01-f01-r115,coap,1,coap-b01-f01-r115,84280840-37f4-11f1-b070-631fdef85036,KXP4N4QjfFVfEG14EcgG,842e49d0-37f4-11f1-b070-631fdef85036,82f46a40-37f4-11f1-b070-631fdef85036
b01-f01-r116,coap,1,coap-b01-f01-r116,8435eaf0-37f4-11f1-b070-631fdef85036,YYLDfefb65qGCoiaXeGf,843bb750-37f4-11f1-b070-631fdef85036,82f46a40-37f4-11f1-b070-631fdef85036
b01-f01-r117,coap,1,coap-b01-f01-r117,8443f4b0-37f4-11f1-b070-631fdef85036,N4gT2GxuwaXhMyweh3fZ,8449c110-37f4-11f1-b070-631fdef85036,82f46a40-37f4-11f1-b070-631fdef85036
b01-f01-r118,coap,1,coap-b01-f01-r118,845273a0-37f4-11f1-b070-631fdef85036,Vr0dv2bzTDngBZpfGa5r,84584000-37f4-11f1-b070-631fdef85036,82f46a40-37f4-11f1-b070-631fdef85036
b01-f01-r119,coap,1,coap-b01-f01-r119,846167c0-37f4-11f1-b070-631fdef85036,JJ10sYEtwCREWvrFC2gl,84681e80-37f4-11f1-b070-631fdef85036,82f46a40-37f4-11f1-b070-631fdef85036
b01-f01-r120,coap,1,coap-b01-f01-r120,847257b0-37f4-11f1-b070-631fdef85036,G3wP4fOQOjkclkOlKzGl,847983a0-37f4-11f1-b070-631fdef85036,82f46a40-37f4-11f1-b070-631fdef85036
b01-f02-r201,mqtt,2,mqtt-b01-f02-r201,84843200-37f4-11f1-b070-631fdef85036,AmcOXTHH3SyWKiqzSkcX,8489d750-37f4-11f1-b070-631fdef85036,82fca7a0-37f4-11f1-b070-631fdef85036
b01-f02-r202,mqtt,2,mqtt-b01-f02-r202,849289e0-37f4-11f1-b070-631fdef85036,W1tl5C7zgqn1a2uz6NUl,8498a460-37f4-11f1-b070-631fdef85036,82fca7a0-37f4-11f1-b070-631fdef85036
b01-f02-r203,mqtt,2,mqtt-b01-f02-r203,84a1cc20-37f4-11f1-b070-631fdef85036,X3HZivwnKNLeRtQbVB5v,84a8f810-37f4-11f1-b070-631fdef85036,82fca7a0-37f4-11f1-b070-631fdef85036
b01-f02-r204,mqtt,2,mqtt-b01-f02-r204,84b0c040-37f4-11f1-b070-631fdef85036,bnqUUjuFGhCE1t24FKNR,84b61770-37f4-11f1-b070-631fdef85036,82fca7a0-37f4-11f1-b070-631fdef85036
b01-f02-r205,mqtt,2,mqtt-b01-f02-r205,84beca00-37f4-11f1-b070-631fdef85036,h4a5FGjs35D8rxOozJLj,84c42130-37f4-11f1-b070-631fdef85036,82fca7a0-37f4-11f1-b070-631fdef85036
b01-f02-r206,mqtt,2,mqtt-b01-f02-r206,84ccfad0-37f4-11f1-b070-631fdef85036,tVt0Lf4WECfzZs6LRnzd,84d31550-37f4-11f1-b070-631fdef85036,82fca7a0-37f4-11f1-b070-631fdef85036
b01-f02-r207,mqtt,2,mqtt-b01-f02-r207,84dba0d0-37f4-11f1-b070-631fdef85036,fSJzScoyjiDdzMIfEMyn,84e0d0f0-37f4-11f1-b070-631fdef85036,82fca7a0-37f4-11f1-b070-631fdef85036
b01-f02-r208,mqtt,2,mqtt-b01-f02-r208,84e93560-37f4-11f1-b070-631fdef85036,PLBheJjrqnKf1ri7HvwJ,84ef28d0-37f4-11f1-b070-631fdef85036,82fca7a0-37f4-11f1-b070-631fdef85036
b01-f02-r209,mqtt,2,mqtt-b01-f02-r209,84f80270-37f4-11f1-b070-631fdef85036,rH5i2m48OlzL8JHd403V,84fdf5e0-37f4-11f1-b070-631fdef85036,82fca7a0-37f4-11f1-b070-631fdef85036
b01-f02-r210,mqtt,2,mqtt-b01-f02-r210,85065a50-37f4-11f1-b070-631fdef85036,qRsEMiBzDJzVpY9kvJ7h,850d3820-37f4-11f1-b070-631fdef85036,82fca7a0-37f4-11f1-b070-631fdef85036
b01-f02-r211,coap,2,coap-b01-f02-r211,85172330-37f4-11f1-b070-631fdef85036,FGVv8SklwTWLwYW6sz9R,851f1270-37f4-11f1-b070-631fdef85036,82fca7a0-37f4-11f1-b070-631fdef85036
b01-f02-r212,coap,2,coap-b01-f02-r212,852728c0-37f4-11f1-b070-631fdef85036,mb49I3dx8yxMT8WDnvf1,852cf520-37f4-11f1-b070-631fdef85036,82fca7a0-37f4-11f1-b070-631fdef85036
b01-f02-r213,coap,2,coap-b01-f02-r213,85349640-37f4-11f1-b070-631fdef85036,fIEzprfJ2nJ8Jg9z6lvF,853afee0-37f4-11f1-b070-631fdef85036,82fca7a0-37f4-11f1-b070-631fdef85036
b01-f02-r214,coap,2,coap-b01-f02-r214,85458630-37f4-11f1-b070-631fdef85036,B5TUCS89d4PZWkzK3x8s,854a8f40-37f4-11f1-b070-631fdef85036,82fca7a0-37f4-11f1-b070-631fdef85036
b01-f02-r215,coap,2,coap-b01-f02-r215,85519420-37f4-11f1-b070-631fdef85036,7TuP3YVwRFjgsSRv02dV,8556eb50-37f4-11f1-b070-631fdef85036,82fca7a0-37f4-11f1-b070-631fdef85036
b01-f02-r216,coap,2,coap-b01-f02-r216,855e3e50-37f4-11f1-b070-631fdef85036,BnRAAGMKjcLi8XeNZ4Oi,8562ab20-37f4-11f1-b070-631fdef85036,82fca7a0-37f4-11f1-b070-631fdef85036
b01-f02-r217,coap,2,coap-b01-f02-r217,856961e0-37f4-11f1-b070-631fdef85036,KZdROqfTSuUULMO7kvRM,856dceb0-37f4-11f1-b070-631fdef85036,82fca7a0-37f4-11f1-b070-631fdef85036
b01-f02-r218,coap,2,coap-b01-f02-r218,85743750-37f4-11f1-b070-631fdef85036,OU8M7PRvixroWcbFXTRk,8578cb30-37f4-11f1-b070-631fdef85036,82fca7a0-37f4-11f1-b070-631fdef85036
b01-f02-r219,coap,2,coap-b01-f02-r219,85804540-37f4-11f1-b070-631fdef85036,UqpW2IZWaO4cXUS5ypgH,85852740-37f4-11f1-b070-631fdef85036,82fca7a0-37f4-11f1-b070-631fdef85036
b01-f02-r220,coap,2,coap-b01-f02-r220,858c2c20-37f4-11f1-b070-631fdef85036,aUGWgzu4VmSEZzgB0Ams,8590c000-37f4-11f1-b070-631fdef85036,82fca7a0-37f4-11f1-b070-631fdef85036
b01-f03-r301,mqtt,3,mqtt-b01-f03-r301,8597c4e0-37f4-11f1-b070-631fdef85036,Ry6sMZkWxwIda1UgbdZT,859d6a30-37f4-11f1-b070-631fdef85036,83050c10-37f4-11f1-b070-631fdef85036
b01-f03-r302,mqtt,3,mqtt-b01-f03-r302,85a5a790-37f4-11f1-b070-631fdef85036,E3y6zJ6719KWRizrDLd6,85abc210-37f4-11f1-b070-631fdef85036,83050c10-37f4-11f1-b070-631fdef85036
b01-f03-r303,mqtt,3,mqtt-b01-f03-r303,85b29fe0-37f4-11f1-b070-631fdef85036,uu7QqMSgKCpPJ9CGarHr,85b7a8f0-37f4-11f1-b070-631fdef85036,83050c10-37f4-11f1-b070-631fdef85036
b01-f03-r304,mqtt,3,mqtt-b01-f03-r304,85befbf0-37f4-11f1-b070-631fdef85036,T5PVatNzCa5K3KLo1kwJ,85c45320-37f4-11f1-b070-631fdef85036,83050c10-37f4-11f1-b070-631fdef85036
b01-f03-r305,mqtt,3,mqtt-b01-f03-r305,85cbf440-37f4-11f1-b070-631fdef85036,e8Ga8U9SJWlfWGH4c4iH,85d1c0a0-37f4-11f1-b070-631fdef85036,83050c10-37f4-11f1-b070-631fdef85036
b01-f03-r306,mqtt,3,mqtt-b01-f03-r306,85d913a0-37f4-11f1-b070-631fdef85036,ZSsdEEdBP6xg1OQIj9gU,85dd3250-37f4-11f1-b070-631fdef85036,83050c10-37f4-11f1-b070-631fdef85036
b01-f03-r307,mqtt,3,mqtt-b01-f03-r307,85e43730-37f4-11f1-b070-631fdef85036,fKJoVGLgb6jbKsjs0dt3,85e91930-37f4-11f1-b070-631fdef85036,83050c10-37f4-11f1-b070-631fdef85036
b01-f03-r308,mqtt,3,mqtt-b01-f03-r308,85f12f80-37f4-11f1-b070-631fdef85036,HlsThDIwVqA6IbGxaxqS,85f6d4d0-37f4-11f1-b070-631fdef85036,83050c10-37f4-11f1-b070-631fdef85036
b01-f03-r309,mqtt,3,mqtt-b01-f03-r309,85ff1230-37f4-11f1-b070-631fdef85036,9YFaHI6aL4868oA7YJzJ,86049070-37f4-11f1-b070-631fdef85036,83050c10-37f4-11f1-b070-631fdef85036
b01-f03-r310,mqtt,3,mqtt-b01-f03-r310,860db830-37f4-11f1-b070-631fdef85036,1PJ25zLb6dRZi085w7FS,86130f60-37f4-11f1-b070-631fdef85036,83050c10-37f4-11f1-b070-631fdef85036
b01-f03-r311,coap,3,coap-b01-f03-r311,861b25b0-37f4-11f1-b070-631fdef85036,AMXmDE4L9zoJBp1Q6J31,86216740-37f4-11f1-b070-631fdef85036,83050c10-37f4-11f1-b070-631fdef85036
b01-f03-r312,coap,3,coap-b01-f03-r312,86295680-37f4-11f1-b070-631fdef85036,7r6d06x665lWAYd2ud7G,862e86a0-37f4-11f1-b070-631fdef85036,83050c10-37f4-11f1-b070-631fdef85036
b01-f03-r313,coap,3,coap-b01-f03-r313,863675e0-37f4-11f1-b070-631fdef85036,HIjpYQwqf6xm30RXt7Pa,863ae2b0-37f4-11f1-b070-631fdef85036,83050c10-37f4-11f1-b070-631fdef85036
b01-f03-r314,coap,3,coap-b01-f03-r314,8641e790-37f4-11f1-b070-631fdef85036,IoYFJUypCTKoIl2Hewh0,8646a280-37f4-11f1-b070-631fdef85036,83050c10-37f4-11f1-b070-631fdef85036
b01-f03-r315,coap,3,coap-b01-f03-r315,864e1c90-37f4-11f1-b070-631fdef85036,lDFn5grjrWimapCyOWbq,8652b070-37f4-11f1-b070-631fdef85036,83050c10-37f4-11f1-b070-631fdef85036
b01-f03-r316,coap,3,coap-b01-f03-r316,865a9fb0-37f4-11f1-b070-631fdef85036,I588lgNI6ap1ftmp2tV5,865ee570-37f4-11f1-b070-631fdef85036,83050c10-37f4-11f1-b070-631fdef85036
b01-f03-r317,coap,3,coap-b01-f03-r317,86665f80-37f4-11f1-b070-631fdef85036,dlcchvkdrQ6UcZgH3q9k,866bb6b0-37f4-11f1-b070-631fdef85036,83050c10-37f4-11f1-b070-631fdef85036
b01-f03-r318,coap,3,coap-b01-f03-r318,8673f410-37f4-11f1-b070-631fdef85036,iQaAU0vzcONDfiIlE1pC,867839d0-37f4-11f1-b070-631fdef85036,83050c10-37f4-11f1-b070-631fdef85036
b01-f03-r319,coap,3,coap-b01-f03-r319,86802910-37f4-11f1-b070-631fdef85036,4xzcRnfxvlsrajXM08kX,8684e400-37f4-11f1-b070-631fdef85036,83050c10-37f4-11f1-b070-631fdef85036
b01-f03-r320,coap,3,coap-b01-f03-r320,868c3700-37f4-11f1-b070-631fdef85036,YSzw3ngb2s9sK95FB1V9,86907cc0-37f4-11f1-b070-631fdef85036,83050c10-37f4-11f1-b070-631fdef85036
b01-f04-r401,mqtt,4,mqtt-b01-f04-r401,869844f0-37f4-11f1-b070-631fdef85036,ZuTxvhPRfHs8e3nWMWye,869cb1c0-37f4-11f1-b070-631fdef85036,830d7080-37f4-11f1-b070-631fdef85036
b01-f04-r402,mqtt,4,mqtt-b01-f04-r402,86a42bd0-37f4-11f1-b070-631fdef85036,b6LWaOa1rTDvfWy0wif3,86a90dd0-37f4-11f1-b070-631fdef85036,830d7080-37f4-11f1-b070-631fdef85036
b01-f04-r403,mqtt,4,mqtt-b01-f04-r403,86b0aef0-37f4-11f1-b070-631fdef85036,Dd1oLpeYfdi8BHYsTbjN,86b4cda0-37f4-11f1-b070-631fdef85036,830d7080-37f4-11f1-b070-631fdef85036
b01-f04-r404,mqtt,4,mqtt-b01-f04-r404,86bc6ec0-37f4-11f1-b070-631fdef85036,jkppS9EDD4k3SvuRMJ4I,86c0db90-37f4-11f1-b070-631fdef85036,830d7080-37f4-11f1-b070-631fdef85036
b01-f04-r405,mqtt,4,mqtt-b01-f04-r405,86c82e90-37f4-11f1-b070-631fdef85036,IXEQvBAVshWv2CWt05YJ,86cc9b60-37f4-11f1-b070-631fdef85036,830d7080-37f4-11f1-b070-631fdef85036
b01-f04-r406,mqtt,4,mqtt-b01-f04-r406,86d3a040-37f4-11f1-b070-631fdef85036,QyvUo8SudnDhWLxN2q5V,86d83420-37f4-11f1-b070-631fdef85036,830d7080-37f4-11f1-b070-631fdef85036
b01-f04-r407,mqtt,4,mqtt-b01-f04-r407,86e02360-37f4-11f1-b070-631fdef85036,nHqjnZ946wISbOY9p8zS,86e4de50-37f4-11f1-b070-631fdef85036,830d7080-37f4-11f1-b070-631fdef85036
b01-f04-r408,mqtt,4,mqtt-b01-f04-r408,86ec0a40-37f4-11f1-b070-631fdef85036,ITVOhQ5qcdSquxS2ZEdK,86f028f0-37f4-11f1-b070-631fdef85036,830d7080-37f4-11f1-b070-631fdef85036
b01-f04-r409,mqtt,4,mqtt-b01-f04-r409,86f7f120-37f4-11f1-b070-631fdef85036,oNVJJrXliQ0WxixYrMiS,86fcac10-37f4-11f1-b070-631fdef85036,830d7080-37f4-11f1-b070-631fdef85036
b01-f04-r410,mqtt,4,mqtt-b01-f04-r410,8703d800-37f4-11f1-b070-631fdef85036,CQH0d9ZcgD7o9EYc80k9,870844d0-37f4-11f1-b070-631fdef85036,830d7080-37f4-11f1-b070-631fdef85036
b01-f04-r411,coap,4,coap-b01-f04-r411,870f49b0-37f4-11f1-b070-631fdef85036,JGVL5PtxALBYNuZxqNjy,87136860-37f4-11f1-b070-631fdef85036,830d7080-37f4-11f1-b070-631fdef85036
b01-f04-r412,coap,4,coap-b01-f04-r412,871abb60-37f4-11f1-b070-631fdef85036,0093vyMRr0MwqTgLL8ib,871f0120-37f4-11f1-b070-631fdef85036,830d7080-37f4-11f1-b070-631fdef85036
b01-f04-r413,coap,4,coap-b01-f04-r413,87265420-37f4-11f1-b070-631fdef85036,Tkd49jJ2V9PuhHzqqtpI,872ac0f0-37f4-11f1-b070-631fdef85036,830d7080-37f4-11f1-b070-631fdef85036
b01-f04-r414,coap,4,coap-b01-f04-r414,8731c5d0-37f4-11f1-b070-631fdef85036,2uYEbrmJLKEySSAVjvYO,8736a7d0-37f4-11f1-b070-631fdef85036,830d7080-37f4-11f1-b070-631fdef85036
b01-f04-r415,coap,4,coap-b01-f04-r415,873d85a0-37f4-11f1-b070-631fdef85036,mIHurVoC8ptwoSQwO1Pj,8741f270-37f4-11f1-b070-631fdef85036,830d7080-37f4-11f1-b070-631fdef85036
b01-f04-r416,coap,4,coap-b01-f04-r416,8749baa0-37f4-11f1-b070-631fdef85036,lwQIXiRBKNtkuhbxmvTA,874e7590-37f4-11f1-b070-631fdef85036,830d7080-37f4-11f1-b070-631fdef85036
b01-f04-r417,coap,4,coap-b01-f04-r417,8755efa0-37f4-11f1-b070-631fdef85036,eobjI1AIk0cOI5aEQwo3,875ad1a0-37f4-11f1-b070-631fdef85036,830d7080-37f4-11f1-b070-631fdef85036
b01-f04-r418,coap,4,coap-b01-f04-r418,876272c0-37f4-11f1-b070-631fdef85036,CrTRLxQYmazPew8E3o0v,8766b880-37f4-11f1-b070-631fdef85036,830d7080-37f4-11f1-b070-631fdef85036
b01-f04-r419,coap,4,coap-b01-f04-r419,876d9650-37f4-11f1-b070-631fdef85036,N6i91lxljmC8UoTvj8zM,8771dc10-37f4-11f1-b070-631fdef85036,830d7080-37f4-11f1-b070-631fdef85036
b01-f04-r420,coap,4,coap-b01-f04-r420,8779a440-37f4-11f1-b070-631fdef85036,0YiHkz6CIIK0j9235xHF,877d74d0-37f4-11f1-b070-631fdef85036,830d7080-37f4-11f1-b070-631fdef85036
b01-f05-r501,mqtt,5,mqtt-b01-f05-r501,87858b20-37f4-11f1-b070-631fdef85036,XAB4JWLhQghYJVQUgjMk,878b7e90-37f4-11f1-b070-631fdef85036,831586d0-37f4-11f1-b070-631fdef85036
b01-f05-r502,mqtt,5,mqtt-b01-f05-r502,87919910-37f4-11f1-b070-631fdef85036,2tIeNndTgf25phQwaMIA,87962cf0-37f4-11f1-b070-631fdef85036,831586d0-37f4-11f1-b070-631fdef85036
b01-f05-r503,mqtt,5,mqtt-b01-f05-r503,879df520-37f4-11f1-b070-631fdef85036,5qQ58Qv8KMoTJtQ15KYP,87a23ae0-37f4-11f1-b070-631fdef85036,831586d0-37f4-11f1-b070-631fdef85036
b01-f05-r504,mqtt,5,mqtt-b01-f05-r504,87a8f1a0-37f4-11f1-b070-631fdef85036,rMWWcieBGc9LStFBiDno,87acc230-37f4-11f1-b070-631fdef85036,831586d0-37f4-11f1-b070-631fdef85036
b01-f05-r505,mqtt,5,mqtt-b01-f05-r505,87b3ee20-37f4-11f1-b070-631fdef85036,TlgQxAOp5zb7YOPy1hXL,87b7beb0-37f4-11f1-b070-631fdef85036,831586d0-37f4-11f1-b070-631fdef85036
b01-f05-r506,mqtt,5,mqtt-b01-f05-r506,87be2750-37f4-11f1-b070-631fdef85036,rStxRRo8uNH4LuNeXd3o,87c29420-37f4-11f1-b070-631fdef85036,831586d0-37f4-11f1-b070-631fdef85036
b01-f05-r507,mqtt,5,mqtt-b01-f05-r507,87cb1fa0-37f4-11f1-b070-631fdef85036,GUq7e0bHpXMIOWRk4MpM,87d028b0-37f4-11f1-b070-631fdef85036,831586d0-37f4-11f1-b070-631fdef85036
b01-f05-r508,mqtt,5,mqtt-b01-f05-r508,87d7a2c0-37f4-11f1-b070-631fdef85036,FMaK3OlO2yGZrbshlRoV,87dbe880-37f4-11f1-b070-631fdef85036,831586d0-37f4-11f1-b070-631fdef85036
b01-f05-r509,mqtt,5,mqtt-b01-f05-r509,87e2ed60-37f4-11f1-b070-631fdef85036,3RPWn3Na3Ah5IdimkOG7,87e6e500-37f4-11f1-b070-631fdef85036,831586d0-37f4-11f1-b070-631fdef85036
b01-f05-r510,mqtt,5,mqtt-b01-f05-r510,87edc2d0-37f4-11f1-b070-631fdef85036,egg9n7DCS7XjDRWM1FeT,87f2a4d0-37f4-11f1-b070-631fdef85036,831586d0-37f4-11f1-b070-631fdef85036
b01-f05-r511,coap,5,coap-b01-f05-r511,87fc1ab0-37f4-11f1-b070-631fdef85036,S4wpXnwUhXJZftX8QpXE,880394c0-37f4-11f1-b070-631fdef85036,831586d0-37f4-11f1-b070-631fdef85036
b01-f05-r512,coap,5,coap-b01-f05-r512,880e4320-37f4-11f1-b070-631fdef85036,63Ln0hudM59JcTK7kZX5,8813c160-37f4-11f1-b070-631fdef85036,831586d0-37f4-11f1-b070-631fdef85036
b01-f05-r513,coap,5,coap-b01-f05-r513,881b8990-37f4-11f1-b070-631fdef85036,YAOkgg1CndaXwQ2f6zSy,881f3310-37f4-11f1-b070-631fdef85036,831586d0-37f4-11f1-b070-631fdef85036
b01-f05-r514,coap,5,coap-b01-f05-r514,8824ff70-37f4-11f1-b070-631fdef85036,Hf1RJQGPLDVtWvjmU1vp,8828d000-37f4-11f1-b070-631fdef85036,831586d0-37f4-11f1-b070-631fdef85036
b01-f05-r515,coap,5,coap-b01-f05-r515,882f86c0-37f4-11f1-b070-631fdef85036,w3FaUMQuuYOXFwBSdQtk,8833a570-37f4-11f1-b070-631fdef85036,831586d0-37f4-11f1-b070-631fdef85036
b01-f05-r516,coap,5,coap-b01-f05-r516,8839e700-37f4-11f1-b070-631fdef85036,V4fA9h12bbT610LekG7a,883e05b0-37f4-11f1-b070-631fdef85036,831586d0-37f4-11f1-b070-631fdef85036
b01-f05-r517,coap,5,coap-b01-f05-r517,88449560-37f4-11f1-b070-631fdef85036,wMrqP2elQO3cAOAjkAHo,884865f0-37f4-11f1-b070-631fdef85036,831586d0-37f4-11f1-b070-631fdef85036
b01-f05-r518,coap,5,coap-b01-f05-r518,884ea780-37f4-11f1-b070-631fdef85036,KNUSQ4qa12eDI00x4Sxw,88527810-37f4-11f1-b070-631fdef85036,831586d0-37f4-11f1-b070-631fdef85036
b01-f05-r519,coap,5,coap-b01-f05-r519,885955e0-37f4-11f1-b070-631fdef85036,fordvxjlVFuyPsv0m27K,885e5ef0-37f4-11f1-b070-631fdef85036,831586d0-37f4-11f1-b070-631fdef85036
b01-f05-r520,coap,5,coap-b01-f05-r520,886563d0-37f4-11f1-b070-631fdef85036,BkqGr5l2LA7uZMPQzVHO,8869f7b0-37f4-11f1-b070-631fdef85036,831586d0-37f4-11f1-b070-631fdef85036
b01-f06-r601,mqtt,6,mqtt-b01-f06-r601,8871bfe0-37f4-11f1-b070-631fdef85036,wRVAcEXITY3GnJeYurpI,88762cb0-37f4-11f1-b070-631fdef85036,831c3d90-37f4-11f1-b070-631fdef85036
b01-f06-r602,mqtt,6,mqtt-b01-f06-r602,887baaf0-37f4-11f1-b070-631fdef85036,KKghCut538FlV4ZdWPCJ,887f5470-37f4-11f1-b070-631fdef85036,831c3d90-37f4-11f1-b070-631fdef85036
b01-f06-r603,mqtt,6,mqtt-b01-f06-r603,888520d0-37f4-11f1-b070-631fdef85036,JigRaFcktoFL9Y4IfTHd,8888a340-37f4-11f1-b070-631fdef85036,831c3d90-37f4-11f1-b070-631fdef85036
b01-f06-r604,mqtt,6,mqtt-b01-f06-r604,888f0be0-37f4-11f1-b070-631fdef85036,oKyTBAfs7BmEAO2P5zkN,88932a90-37f4-11f1-b070-631fdef85036,831c3d90-37f4-11f1-b070-631fdef85036
b01-f06-r605,mqtt,6,mqtt-b01-f06-r605,88996c20-37f4-11f1-b070-631fdef85036,obFGbRNLv4JREiI3TOM1,889db1e0-37f4-11f1-b070-631fdef85036,831c3d90-37f4-11f1-b070-631fdef85036
b01-f06-r606,mqtt,6,mqtt-b01-f06-r606,88a468a0-37f4-11f1-b070-631fdef85036,2GyN0qrNKtsCVnQ4Kxw8,88a83930-37f4-11f1-b070-631fdef85036,831c3d90-37f4-11f1-b070-631fdef85036
b01-f06-r607,mqtt,6,mqtt-b01-f06-r607,88b00160-37f4-11f1-b070-631fdef85036,aswUkFHA8x52vOZSewwS,88b4bc50-37f4-11f1-b070-631fdef85036,831c3d90-37f4-11f1-b070-631fdef85036
b01-f06-r608,mqtt,6,mqtt-b01-f06-r608,88bc5d70-37f4-11f1-b070-631fdef85036,bg3VoO3RulRfpV3TVmQd,88c0f150-37f4-11f1-b070-631fdef85036,831c3d90-37f4-11f1-b070-631fdef85036
b01-f06-r609,mqtt,6,mqtt-b01-f06-r609,88c8e090-37f4-11f1-b070-631fdef85036,amrbGNIOaEG91ZNulx33,88cd7470-37f4-11f1-b070-631fdef85036,831c3d90-37f4-11f1-b070-631fdef85036
b01-f06-r610,mqtt,6,mqtt-b01-f06-r610,88d5d8e0-37f4-11f1-b070-631fdef85036,e7qAXgMvjQqxdMFrXJhk,88da1ea0-37f4-11f1-b070-631fdef85036,831c3d90-37f4-11f1-b070-631fdef85036
b01-f06-r611,coap,6,coap-b01-f06-r611,88e1bfc0-37f4-11f1-b070-631fdef85036,wCbTUCFI9JZ806DPYRFl,88e6efe0-37f4-11f1-b070-631fdef85036,831c3d90-37f4-11f1-b070-631fdef85036
b01-f06-r612,coap,6,coap-b01-f06-r612,88ef0630-37f4-11f1-b070-631fdef85036,JIW0wpiWy7HPGrbprIHP,88f3e830-37f4-11f1-b070-631fdef85036,831c3d90-37f4-11f1-b070-631fdef85036
b01-f06-r613,coap,6,coap-b01-f06-r613,88fc4ca0-37f4-11f1-b070-631fdef85036,3a3aQJEzbqD9I1mDvkYj,8900b970-37f4-11f1-b070-631fdef85036,831c3d90-37f4-11f1-b070-631fdef85036
b01-f06-r614,coap,6,coap-b01-f06-r614,89080c70-37f4-11f1-b070-631fdef85036,NNPd3IZPhMcrckjMJsAS,890c5230-37f4-11f1-b070-631fdef85036,831c3d90-37f4-11f1-b070-631fdef85036
b01-f06-r615,coap,6,coap-b01-f06-r615,8913cc40-37f4-11f1-b070-631fdef85036,tdceTH8V8Pci8Rj3DZiZ,89186020-37f4-11f1-b070-631fdef85036,831c3d90-37f4-11f1-b070-631fdef85036
b01-f06-r616,coap,6,coap-b01-f06-r616,89207670-37f4-11f1-b070-631fdef85036,FFHDp4laL9KocxcfL0EH,89250a50-37f4-11f1-b070-631fdef85036,831c3d90-37f4-11f1-b070-631fdef85036
b01-f06-r617,coap,6,coap-b01-f06-r617,892cf990-37f4-11f1-b070-631fdef85036,tMjl5b8B2AWvOIXEJ6cm,8931b480-37f4-11f1-b070-631fdef85036,831c3d90-37f4-11f1-b070-631fdef85036
b01-f06-r618,coap,6,coap-b01-f06-r618,893a8e20-37f4-11f1-b070-631fdef85036,of6cBRsFiiB3hVzgENUd,893f4910-37f4-11f1-b070-631fdef85036,831c3d90-37f4-11f1-b070-631fdef85036
b01-f06-r619,coap,6,coap-b01-f06-r619,89471140-37f4-11f1-b070-631fdef85036,4ueIlfSeulh36d97AqHQ,894bf340-37f4-11f1-b070-631fdef85036,831c3d90-37f4-11f1-b070-631fdef85036
b01-f06-r620,coap,6,coap-b01-f06-r620,89536d50-37f4-11f1-b070-631fdef85036,zRIgfzpezhoaySVOUa02,8957da20-37f4-11f1-b070-631fdef85036,831c3d90-37f4-11f1-b070-631fdef85036
b01-f07-r701,mqtt,7,mqtt-b01-f07-r701,89601780-37f4-11f1-b070-631fdef85036,xili8aV4PtX8Sm0PFEC1,89656eb0-37f4-11f1-b070-631fdef85036,8322f450-37f4-11f1-b070-631fdef85036
b01-f07-r702,mqtt,7,mqtt-b01-f07-r702,896f0ba0-37f4-11f1-b070-631fdef85036,J1OtBIZ7yTVIlgs502GW,8974ff10-37f4-11f1-b070-631fdef85036,8322f450-37f4-11f1-b070-631fdef85036
b01-f07-r703,mqtt,7,mqtt-b01-f07-r703,897c7920-37f4-11f1-b070-631fdef85036,0UHS40ZGsTgniaLnIAmq,89815b20-37f4-11f1-b070-631fdef85036,8322f450-37f4-11f1-b070-631fdef85036
b01-f07-r704,mqtt,7,mqtt-b01-f07-r704,8987ead0-37f4-11f1-b070-631fdef85036,9KEJaNaJMzXh2U3XAO96,898be270-37f4-11f1-b070-631fdef85036,8322f450-37f4-11f1-b070-631fdef85036
b01-f07-r705,mqtt,7,mqtt-b01-f07-r705,8991aed0-37f4-11f1-b070-631fdef85036,WFd3u8qE87xGQe8XYwIv,89961ba0-37f4-11f1-b070-631fdef85036,8322f450-37f4-11f1-b070-631fdef85036
b01-f07-r706,mqtt,7,mqtt-b01-f07-r706,899cd260-37f4-11f1-b070-631fdef85036,sVY2YfGiBQRKul28sdKM,89a1b460-37f4-11f1-b070-631fdef85036,8322f450-37f4-11f1-b070-631fdef85036
b01-f07-r707,mqtt,7,mqtt-b01-f07-r707,89a9cab0-37f4-11f1-b070-631fdef85036,DFVrGeKTCfhcVLAHTA9A,89afe530-37f4-11f1-b070-631fdef85036,8322f450-37f4-11f1-b070-631fdef85036
b01-f07-r708,mqtt,7,mqtt-b01-f07-r708,89b7ad60-37f4-11f1-b070-631fdef85036,mMV3A4t25E92uZ73VDF1,89bc8f60-37f4-11f1-b070-631fdef85036,8322f450-37f4-11f1-b070-631fdef85036
b01-f07-r709,mqtt,7,mqtt-b01-f07-r709,89c40970-37f4-11f1-b070-631fdef85036,BehiGqwrB9ErtQt0CiZU,89c84f30-37f4-11f1-b070-631fdef85036,8322f450-37f4-11f1-b070-631fdef85036
b01-f07-r710,mqtt,7,mqtt-b01-f07-r710,89cf2d00-37f4-11f1-b070-631fdef85036,JwOxea9eVXdVtLhJgwla,89d399d0-37f4-11f1-b070-631fdef85036,8322f450-37f4-11f1-b070-631fdef85036
b01-f07-r711,coap,7,coap-b01-f07-r711,89daecd0-37f4-11f1-b070-631fdef85036,mzehUDXKgk6ZbowiXq1T,89df80b0-37f4-11f1-b070-631fdef85036,8322f450-37f4-11f1-b070-631fdef85036
b01-f07-r712,coap,7,coap-b01-f07-r712,89e68590-37f4-11f1-b070-631fdef85036,VF9X2I9I1DGOBr2RbdT6,89eaf260-37f4-11f1-b070-631fdef85036,8322f450-37f4-11f1-b070-631fdef85036
b01-f07-r713,coap,7,coap-b01-f07-r713,89f1f740-37f4-11f1-b070-631fdef85036,dnKHEXoY91w1RALWwXbm,89f63d00-37f4-11f1-b070-631fdef85036,8322f450-37f4-11f1-b070-631fdef85036
b01-f07-r714,coap,7,coap-b01-f07-r714,89fd9000-37f4-11f1-b070-631fdef85036,4BLWbpsmXzIPy2jqj1ze,8a01d5c0-37f4-11f1-b070-631fdef85036,8322f450-37f4-11f1-b070-631fdef85036
b01-f07-r715,coap,7,coap-b01-f07-r715,8a0901b0-37f4-11f1-b070-631fdef85036,Kk1YukxSv71otDdMYLQD,8a0d6e80-37f4-11f1-b070-631fdef85036,8322f450-37f4-11f1-b070-631fdef85036
b01-f07-r716,coap,7,coap-b01-f07-r716,8a142540-37f4-11f1-b070-631fdef85036,stz7BTzG010AyThMIEbA,8a186b00-37f4-11f1-b070-631fdef85036,8322f450-37f4-11f1-b070-631fdef85036
b01-f07-r717,coap,7,coap-b01-f07-r717,8a1f96f0-37f4-11f1-b070-631fdef85036,VFAjcP9gEVZTmfJHxHoD,8a234070-37f4-11f1-b070-631fdef85036,8322f450-37f4-11f1-b070-631fdef85036
b01-f07-r718,coap,7,coap-b01-f07-r718,8a2a4550-37f4-11f1-b070-631fdef85036,BP0X5ckVA4H75VSzDBZ3,8a2e3cf0-37f4-11f1-b070-631fdef85036,8322f450-37f4-11f1-b070-631fdef85036
b01-f07-r719,coap,7,coap-b01-f07-r719,8a3568e0-37f4-11f1-b070-631fdef85036,hZzHWbiMchKHb6HpsK6n,8a396080-37f4-11f1-b070-631fdef85036,8322f450-37f4-11f1-b070-631fdef85036
b01-f07-r720,coap,7,coap-b01-f07-r720,8a403e50-37f4-11f1-b070-631fdef85036,ZrTNSkbmNZQ0b2k6nCkE,8a44f940-37f4-11f1-b070-631fdef85036,8322f450-37f4-11f1-b070-631fdef85036
b01-f08-r801,mqtt,8,mqtt-b01-f08-r801,8a4ebd40-37f4-11f1-b070-631fdef85036,gsBU4MqwwbmatmHMqgtW,8a55c220-37f4-11f1-b070-631fdef85036,832a4750-37f4-11f1-b070-631fdef85036
b01-f08-r802,mqtt,8,mqtt-b01-f08-r802,8a5e2690-37f4-11f1-b070-631fdef85036,UYLccAJxLcGdpVC4L2kG,8a6356b0-37f4-11f1-b070-631fdef85036,832a4750-37f4-11f1-b070-631fdef85036
b01-f08-r803,mqtt,8,mqtt-b01-f08-r803,8a6b9410-37f4-11f1-b070-631fdef85036,tDNUx1MuqRlKbIoIH7w7,8a709d20-37f4-11f1-b070-631fdef85036,832a4750-37f4-11f1-b070-631fdef85036
b01-f08-r804,mqtt,8,mqtt-b01-f08-r804,8a790190-37f4-11f1-b070-631fdef85036,YY86hgkDPzu1S1DFPYx0,8a7dbc80-37f4-11f1-b070-631fdef85036,832a4750-37f4-11f1-b070-631fdef85036
b01-f08-r805,mqtt,8,mqtt-b01-f08-r805,8a8584b0-37f4-11f1-b070-631fdef85036,RvGOwr4UWnjudldlovqd,8a8a66b0-37f4-11f1-b070-631fdef85036,832a4750-37f4-11f1-b070-631fdef85036
b01-f08-r806,mqtt,8,mqtt-b01-f08-r806,8a9192a0-37f4-11f1-b070-631fdef85036,ZGBSlZ833hcmE9K2BHDF,8a953c20-37f4-11f1-b070-631fdef85036,832a4750-37f4-11f1-b070-631fdef85036
b01-f08-r807,mqtt,8,mqtt-b01-f08-r807,8a9c8f20-37f4-11f1-b070-631fdef85036,yTYo955uwXLb9DWhtu5T,8aa086c0-37f4-11f1-b070-631fdef85036,832a4750-37f4-11f1-b070-631fdef85036
b01-f08-r808,mqtt,8,mqtt-b01-f08-r808,8aa78ba0-37f4-11f1-b070-631fdef85036,TG2Xk8vjq8eqqnvdu9iw,8aacbbc0-37f4-11f1-b070-631fdef85036,832a4750-37f4-11f1-b070-631fdef85036
b01-f08-r809,mqtt,8,mqtt-b01-f08-r809,8ab54740-37f4-11f1-b070-631fdef85036,d4dxVR8N7ex8LBqodKiN,8aba0230-37f4-11f1-b070-631fdef85036,832a4750-37f4-11f1-b070-631fdef85036
b01-f08-r810,mqtt,8,mqtt-b01-f08-r810,8ac21880-37f4-11f1-b070-631fdef85036,JAcVpV9Z9PlzQt0cdjvV,8ac6ac60-37f4-11f1-b070-631fdef85036,832a4750-37f4-11f1-b070-631fdef85036
b01-f08-r811,coap,8,coap-b01-f08-r811,8acdb140-37f4-11f1-b070-631fdef85036,2K6lg21ooEGPKX4DjIYO,8ad1cff0-37f4-11f1-b070-631fdef85036,832a4750-37f4-11f1-b070-631fdef85036
b01-f08-r812,coap,8,coap-b01-f08-r812,8ad886b0-37f4-11f1-b070-631fdef85036,S8V07t4GF0qmOQn4ech3,8add41a0-37f4-11f1-b070-631fdef85036,832a4750-37f4-11f1-b070-631fdef85036
b01-f08-r813,coap,8,coap-b01-f08-r813,8ae61b40-37f4-11f1-b070-631fdef85036,9IpylLefWaxks52RZ5Ev,8aead630-37f4-11f1-b070-631fdef85036,832a4750-37f4-11f1-b070-631fdef85036
b01-f08-r814,coap,8,coap-b01-f08-r814,8af388c0-37f4-11f1-b070-631fdef85036,3f5iYaAD5FBzqUTSEVS3,8af8b8e0-37f4-11f1-b070-631fdef85036,832a4750-37f4-11f1-b070-631fdef85036
b01-f08-r815,coap,8,coap-b01-f08-r815,8b011d50-37f4-11f1-b070-631fdef85036,Q8kg0YiFQl5nC55Vw0pp,8b056310-37f4-11f1-b070-631fdef85036,832a4750-37f4-11f1-b070-631fdef85036
b01-f08-r816,coap,8,coap-b01-f08-r816,8b0c8f00-37f4-11f1-b070-631fdef85036,ic9zbtrotm7FX6UlZjoQ,8b10adb0-37f4-11f1-b070-631fdef85036,832a4750-37f4-11f1-b070-631fdef85036
b01-f08-r817,coap,8,coap-b01-f08-r817,8b178b80-37f4-11f1-b070-631fdef85036,svQ7nvmvNHOaEl5geglu,8b1c4670-37f4-11f1-b070-631fdef85036,832a4750-37f4-11f1-b070-631fdef85036
b01-f08-r818,coap,8,coap-b01-f08-r818,8b240ea0-37f4-11f1-b070-631fdef85036,pK0X9Lb9aOwxXroMLs5z,8b28c990-37f4-11f1-b070-631fdef85036,832a4750-37f4-11f1-b070-631fdef85036
b01-f08-r819,coap,8,coap-b01-f08-r819,8b30dfe0-37f4-11f1-b070-631fdef85036,XFeGzC6j2vn1XgDv3ATq,8b359ad0-37f4-11f1-b070-631fdef85036,832a4750-37f4-11f1-b070-631fdef85036
b01-f08-r820,coap,8,coap-b01-f08-r820,8b3c9fb0-37f4-11f1-b070-631fdef85036,UuiT1uOxhDrGnY9OJ2YG,8b415aa0-37f4-11f1-b070-631fdef85036,832a4750-37f4-11f1-b070-631fdef85036
b01-f09-r901,mqtt,9,mqtt-b01-f09-r901,8b472700-37f4-11f1-b070-631fdef85036,nwOmDjT2RGht0yrYdQ83,8b4af790-37f4-11f1-b070-631fdef85036,8330d700-37f4-11f1-b070-631fdef85036
b01-f09-r902,mqtt,9,mqtt-b01-f09-r902,8b516030-37f4-11f1-b070-631fdef85036,E5Qs820TI47LyG0Qwx2D,8b54bb90-37f4-11f1-b070-631fdef85036,8330d700-37f4-11f1-b070-631fdef85036
b01-f09-r903,mqtt,9,mqtt-b01-f09-r903,8b5bc070-37f4-11f1-b070-631fdef85036,s7FgrlQuHlq0lGMMtKkL,8b5fb810-37f4-11f1-b070-631fdef85036,8330d700-37f4-11f1-b070-631fdef85036
b01-f09-r904,mqtt,9,mqtt-b01-f09-r904,8b65f9a0-37f4-11f1-b070-631fdef85036,dcWhdhfCrRESi15hsDtd,8b69ca30-37f4-11f1-b070-631fdef85036,8330d700-37f4-11f1-b070-631fdef85036
b01-f09-r905,mqtt,9,mqtt-b01-f09-r905,8b7059e0-37f4-11f1-b070-631fdef85036,6D58MehcBuVgEphr0vxj,8b758a00-37f4-11f1-b070-631fdef85036,8330d700-37f4-11f1-b070-631fdef85036
b01-f09-r906,mqtt,9,mqtt-b01-f09-r906,8b7cdd00-37f4-11f1-b070-631fdef85036,5sDb12tI5DkPXIN28ct3,8b8170e0-37f4-11f1-b070-631fdef85036,8330d700-37f4-11f1-b070-631fdef85036
b01-f09-r907,mqtt,9,mqtt-b01-f09-r907,8b8875c0-37f4-11f1-b070-631fdef85036,rIBY8I0tPiTLAEiQd6J4,8b8c6d60-37f4-11f1-b070-631fdef85036,8330d700-37f4-11f1-b070-631fdef85036
b01-f09-r908,mqtt,9,mqtt-b01-f09-r908,8b945ca0-37f4-11f1-b070-631fdef85036,n178M785c4vHJywA0wr6,8b98a260-37f4-11f1-b070-631fdef85036,8330d700-37f4-11f1-b070-631fdef85036
b01-f09-r909,mqtt,9,mqtt-b01-f09-r909,8b9fce50-37f4-11f1-b070-631fdef85036,smbWUczhWyKaYq6O6oBW,8ba41410-37f4-11f1-b070-631fdef85036,8330d700-37f4-11f1-b070-631fdef85036
b01-f09-r910,mqtt,9,mqtt-b01-f09-r910,8baaf1e0-37f4-11f1-b070-631fdef85036,6faos2UGec0uciT4qcab,8bb04910-37f4-11f1-b070-631fdef85036,8330d700-37f4-11f1-b070-631fdef85036
b01-f09-r911,coap,9,coap-b01-f09-r911,8bb63c80-37f4-11f1-b070-631fdef85036,6oFhXmlENDIZqvSDIMzK,8bbad060-37f4-11f1-b070-631fdef85036,8330d700-37f4-11f1-b070-631fdef85036
b01-f09-r912,coap,9,coap-b01-f09-r912,8bc13900-37f4-11f1-b070-631fdef85036,8sK8E6qlitcbAUdFtLLU,8bc557b0-37f4-11f1-b070-631fdef85036,8330d700-37f4-11f1-b070-631fdef85036
b01-f09-r913,coap,9,coap-b01-f09-r913,8bcbc050-37f4-11f1-b070-631fdef85036,2Vjqu4FpG1WwyMpTsAHe,8bd02d20-37f4-11f1-b070-631fdef85036,8330d700-37f4-11f1-b070-631fdef85036
b01-f09-r914,coap,9,coap-b01-f09-r914,8bd66eb0-37f4-11f1-b070-631fdef85036,9k2cuHurMbOUEfXqe5OG,8bda1830-37f4-11f1-b070-631fdef85036,8330d700-37f4-11f1-b070-631fdef85036
b01-f09-r915,coap,9,coap-b01-f09-r915,8be0a7e0-37f4-11f1-b070-631fdef85036,Gb95WGdEZFHnJQ6x8SHB,8be40340-37f4-11f1-b070-631fdef85036,8330d700-37f4-11f1-b070-631fdef85036
b01-f09-r916,coap,9,coap-b01-f09-r916,8bea92f0-37f4-11f1-b070-631fdef85036,zD60Q8mzlLiNvX1BeVmd,8bee8a90-37f4-11f1-b070-631fdef85036,8330d700-37f4-11f1-b070-631fdef85036
b01-f09-r917,coap,9,coap-b01-f09-r917,8bf4a510-37f4-11f1-b070-631fdef85036,hsvcvNjScBZMtQ0uoBrG,8bf89cb0-37f4-11f1-b070-631fdef85036,8330d700-37f4-11f1-b070-631fdef85036
b01-f09-r918,coap,9,coap-b01-f09-r918,8bff7a80-37f4-11f1-b070-631fdef85036,HtjTN7tgmSE0xDkXDnFH,8c02fcf0-37f4-11f1-b070-631fdef85036,8330d700-37f4-11f1-b070-631fdef85036
b01-f09-r919,coap,9,coap-b01-f09-r919,8c098ca0-37f4-11f1-b070-631fdef85036,hNZMrjxUSQE5wBOqZ2xO,8c0d0f10-37f4-11f1-b070-631fdef85036,8330d700-37f4-11f1-b070-631fdef85036
b01-f09-r920,coap,9,coap-b01-f09-r920,8c154c70-37f4-11f1-b070-631fdef85036,Sw6N99eBlm0BrfjLEkIv,8c196b20-37f4-11f1-b070-631fdef85036,8330d700-37f4-11f1-b070-631fdef85036
b01-f10-r1001,mqtt,10,mqtt-b01-f10-r1001,8c226bd0-37f4-11f1-b070-631fdef85036,y3AVaHK0MtrrSj842Pmx,8c26d8a0-37f4-11f1-b070-631fdef85036,833766b0-37f4-11f1-b070-631fdef85036
b01-f10-r1002,mqtt,10,mqtt-b01-f10-r1002,8c2e0490-37f4-11f1-b070-631fdef85036,B8989NOsSNQSKA5QqvED,8c31ae10-37f4-11f1-b070-631fdef85036,833766b0-37f4-11f1-b070-631fdef85036
b01-f10-r1003,mqtt,10,mqtt-b01-f10-r1003,8c388be0-37f4-11f1-b070-631fdef85036,OZewI9bdFOUOwjGhN3yI,8c3cf8b0-37f4-11f1-b070-631fdef85036,833766b0-37f4-11f1-b070-631fdef85036
b01-f10-r1004,mqtt,10,mqtt-b01-f10-r1004,8c43af70-37f4-11f1-b070-631fdef85036,jXRUKIUsaBTAaxEvIh75,8c47a710-37f4-11f1-b070-631fdef85036,833766b0-37f4-11f1-b070-631fdef85036
b01-f10-r1005,mqtt,10,mqtt-b01-f10-r1005,8c4efa10-37f4-11f1-b070-631fdef85036,NibI5yVuLzyZVaS6kIHj,8c52caa0-37f4-11f1-b070-631fdef85036,833766b0-37f4-11f1-b070-631fdef85036
b01-f10-r1006,mqtt,10,mqtt-b01-f10-r1006,8c590c30-37f4-11f1-b070-631fdef85036,GJDbD0oK5t34hQrejY1i,8c5d51f0-37f4-11f1-b070-631fdef85036,833766b0-37f4-11f1-b070-631fdef85036
b01-f10-r1007,mqtt,10,mqtt-b01-f10-r1007,8c642fc0-37f4-11f1-b070-631fdef85036,jHxbGmVvtJMyCjusVRVE,8c68eab0-37f4-11f1-b070-631fdef85036,833766b0-37f4-11f1-b070-631fdef85036
b01-f10-r1008,mqtt,10,mqtt-b01-f10-r1008,8c703db0-37f4-11f1-b070-631fdef85036,88dLnjNK93MktwxTsFyI,8c743550-37f4-11f1-b070-631fdef85036,833766b0-37f4-11f1-b070-631fdef85036
b01-f10-r1009,mqtt,10,mqtt-b01-f10-r1009,8c7b6140-37f4-11f1-b070-631fdef85036,WQAbCUq0ZXibxRdDDVtx,8c7f7ff0-37f4-11f1-b070-631fdef85036,833766b0-37f4-11f1-b070-631fdef85036
b01-f10-r1010,mqtt,10,mqtt-b01-f10-r1010,8c85c180-37f4-11f1-b070-631fdef85036,6FJ9QoJbmgViDBoWGTAJ,8c891ce0-37f4-11f1-b070-631fdef85036,833766b0-37f4-11f1-b070-631fdef85036
b01-f10-r1011,coap,10,coap-b01-f10-r1011,8c8f3760-37f4-11f1-b070-631fdef85036,1p8Wt9DsNEmJDn869lkq,8c9244a0-37f4-11f1-b070-631fdef85036,833766b0-37f4-11f1-b070-631fdef85036
b01-f10-r1012,coap,10,coap-b01-f10-r1012,8c98d450-37f4-11f1-b070-631fdef85036,5FqLQuvoB7qKuMUhvzKw,8c9c56c0-37f4-11f1-b070-631fdef85036,833766b0-37f4-11f1-b070-631fdef85036
b01-f10-r1013,coap,10,coap-b01-f10-r1013,8ca22320-37f4-11f1-b070-631fdef85036,uAXnjhk52wvHdZq1r09o,8ca5cca0-37f4-11f1-b070-631fdef85036,833766b0-37f4-11f1-b070-631fdef85036
b01-f10-r1014,coap,10,coap-b01-f10-r1014,8cac5c50-37f4-11f1-b070-631fdef85036,WJ32o7jIghEXa94NAdT5,8cafb7b0-37f4-11f1-b070-631fdef85036,833766b0-37f4-11f1-b070-631fdef85036
b01-f10-r1015,coap,10,coap-b01-f10-r1015,8cb5d230-37f4-11f1-b070-631fdef85036,jYj3sFLy5hGaXuVBGvmQ,8cb954a0-37f4-11f1-b070-631fdef85036,833766b0-37f4-11f1-b070-631fdef85036
b01-f10-r1016,coap,10,coap-b01-f10-r1016,8cbf2100-37f4-11f1-b070-631fdef85036,MQIpydCZQdAqE0vkFa5K,8cc2f190-37f4-11f1-b070-631fdef85036,833766b0-37f4-11f1-b070-631fdef85036
b01-f10-r1017,coap,10,coap-b01-f10-r1017,8cc86fd0-37f4-11f1-b070-631fdef85036,exQIVkPeS0qtb5jfLUtj,8ccc6770-37f4-11f1-b070-631fdef85036,833766b0-37f4-11f1-b070-631fdef85036
b01-f10-r1018,coap,10,coap-b01-f10-r1018,8cd17080-37f4-11f1-b070-631fdef85036,NQFpXDTxgKa7iio4ZHwR,8cd4cbe0-37f4-11f1-b070-631fdef85036,833766b0-37f4-11f1-b070-631fdef85036
b01-f10-r1019,coap,10,coap-b01-f10-r1019,8cd9d4f0-37f4-11f1-b070-631fdef85036,7sdCGW4tYBOl9ouOc3Jt,8cdd3050-37f4-11f1-b070-631fdef85036,833766b0-37f4-11f1-b070-631fdef85036
b01-f10-r1020,coap,10,coap-b01-f10-r1020,8ce28780-37f4-11f1-b070-631fdef85036,XK2ybZq2OoffFsTIdCV7,8ce6a630-37f4-11f1-b070-631fdef85036,833766b0-37f4-11f1-b070-631fdef85036
